<?xml version="1.0" encoding="UTF-8" ?>
<!DOCTYPE log4j:configuration SYSTEM "./log4j.dtd">
<log4j:configuration xmlns:log4j="http://jakarta.apache.org/log4j/">
	<appender name="console" class="org.apache.log4j.ConsoleAppender">
		<param name="Target" value="System.out" />
		<layout class="org.apache.log4j.PatternLayout">
			<param name="ConversionPattern" value="%d %p [%c] - %m%n" />
		</layout>
		<!--过滤器设置输出的级别-->
		<filter class="org.apache.log4j.varia.LevelRangeFilter">
			<param name="levelMin" value="DEBUG" />
			<param name="levelMax" value="ERROR" />
			<param name="AcceptOnMatch" value="true" />
		</filter>
	</appender>

	<appender name="errorFile" class="org.apache.log4j.DailyRollingFileAppender">
		<param name="File" value="F:/logs/error/fang" />
		<!-- 设置是否在重新启动服务时，在原有日志的基础添加新日志 -->
		<param name="Append" value="true" />
		<param name="DatePattern" value="'.'yyyy-MM-dd'.log'" />
		<layout class="org.apache.log4j.PatternLayout">
			<param name="ConversionPattern" value="%d %p [%c] - %m%n" />
		</layout>
	</appender>
	
	<!-- 记录访问日志 -->
		<appender name="fwFile" class="org.apache.log4j.DailyRollingFileAppender">
		<param name="File" value="F:/logs/fw/fw" />
		<!-- 设置是否在重新启动服务时，在原有日志的基础添加新日志 -->
		<param name="Append" value="true" />
		<param name="DatePattern" value="'.'yyyy-MM-dd-HH'.log'" />
		<layout class="org.apache.log4j.PatternLayout">
			<param name="ConversionPattern" value="%d %p [%c] - %m%n" />
		</layout>
	</appender>
	
	<!-- 记录比较慢的SQL -->
		<appender name="sqlFile" class="org.apache.log4j.DailyRollingFileAppender">
		<param name="File" value="F:/logs/sql/slow" />
		<param name="Append" value="true" />
		<param name="DatePattern" value="'.'yyyy-MM-dd-HH'.log'" />
		<layout class="org.apache.log4j.PatternLayout">
			<param name="ConversionPattern" value="%d - %m%n" />
		</layout>
	</appender>

	<logger name="fw" additivity="false">
		<level value="INFO" />
		<appender-ref ref="fwFile" />
	</logger>

	<logger name="com.alibaba.druid.filter.stat.StatFilter" additivity="false">
		<level value="DEBUG" />
		<appender-ref ref="sqlFile" />
	</logger>

	<root>
		<priority value="ERROR" />
		<appender-ref ref="console" />
		<appender-ref ref="errorFile" />
	</root>

</log4j:configuration>