<?xml version="1.0" encoding="UTF-8"?>
<beans xmlns="http://www.springframework.org/schema/beans"
	xmlns:xsi="http://www.w3.org/2001/XMLSchema-instance" xmlns:tx="http://www.springframework.org/schema/tx"
	xmlns:mvc="http://www.springframework.org/schema/mvc" xmlns:context="http://www.springframework.org/schema/context"
	xmlns:aop="http://www.springframework.org/schema/aop"
	xsi:schemaLocation="
		http://www.springframework.org/schema/beans 
		http://www.springframework.org/schema/beans/spring-beans-3.0.xsd 
		http://www.springframework.org/schema/tx 
		http://www.springframework.org/schema/tx/spring-tx-3.0.xsd 
	    http://www.springframework.org/schema/mvc
         http://www.springframework.org/schema/mvc/spring-mvc-3.0.xsd
		http://www.springframework.org/schema/context 
		http://www.springframework.org/schema/context/spring-context-3.0.xsd
		http://www.springframework.org/schema/aop
		http://www.springframework.org/schema/aop/spring-aop-3.0.xsd"
	default-lazy-init="false">

	<mvc:resources mapping="/images/**" location="/images/" />
	<mvc:resources mapping="/js/**" location="/js/" />
	<mvc:resources mapping="/css/**" location="/css/" />

<mvc:view-controller path="/" view-name="index"/>
	
		<bean id="handlerMapping" class="org.springframework.web.servlet.mvc.annotation.DefaultAnnotationHandlerMapping">
		<property name="interceptors" ref="fwinterceptor"/>
	</bean>

<bean id="fwinterceptor"  class="org.iu9.frame.interceptor.FWInterceptor">
<property name="loginurl"  value="/login"/> 
<property name="noqx"  value="/login"/> 
</bean>

	<bean id="freemarkerConfiguration"
		class="org.springframework.beans.factory.config.PropertiesFactoryBean">
		<property name="location" value="classpath:freemarker.properties" />
	</bean>
	<!-- freemarker config -->
	<bean id="freeMarkerConfigurer"
		class="org.springframework.web.servlet.view.freemarker.FreeMarkerConfigurer">
		<property name="templateLoaderPath" value="/WEB-INF/freemarker/" />
		<property name="defaultEncoding" value="UTF-8" />
		<property name="freemarkerSettings" ref="freemarkerConfiguration" />
	</bean>
	<bean id="viewResolver"
		class="org.springframework.web.servlet.view.freemarker.FreeMarkerViewResolver">
		<property name="requestContextAttribute" value="ctp" />
		<property name="cache" value="true" />
		<property name="prefix" value="" />
		<property name="suffix" value=".html" />
		<property name="contentType" value="text/html;charset=UTF-8" />
	</bean>

	<bean id="jacksonMessageConverter"
		class="org.springframework.http.converter.json.MappingJacksonHttpMessageConverter" />
	<bean
		class="org.springframework.web.servlet.mvc.annotation.AnnotationMethodHandlerAdapter">
		<property name="messageConverters">
			<list>
				<ref bean="jacksonMessageConverter" />
			</list>
		</property>
	</bean>

	<bean id="multipartResolver"
		class="org.springframework.web.multipart.commons.CommonsMultipartResolver">
		<property name="defaultEncoding" value="UTF-8" /> <!-- 默认编码 (ISO-8859-1) -->
		<property name="maxInMemorySize" value="10240" /> <!-- 最大内存大小 (10240) -->
		<property name="uploadTempDir" value="/upload/" /> <!-- 上传后的目录名 (WebUtils#TEMP_DIR_CONTEXT_ATTRIBUTE) -->
		<property name="maxUploadSize" value="10485760" /> <!-- 最大文件大小，-1为无限止(-1) -->
	</bean>


</beans>