<?xml version="1.0" encoding="UTF-8"?>
<beans xmlns="http://www.springframework.org/schema/beans"
	xmlns:xsi="http://www.w3.org/2001/XMLSchema-instance" xmlns:tx="http://www.springframework.org/schema/tx"
	xmlns:cache="http://www.springframework.org/schema/cache"
	xmlns:context="http://www.springframework.org/schema/context"
	xmlns:aop="http://www.springframework.org/schema/aop"
	xsi:schemaLocation="
		http://www.springframework.org/schema/beans 
		http://www.springframework.org/schema/beans/spring-beans-3.2.xsd 
		http://www.springframework.org/schema/tx 
		http://www.springframework.org/schema/tx/spring-tx-3.2.xsd 
		http://www.springframework.org/schema/context 
		http://www.springframework.org/schema/context/spring-context-3.2.xsd
        http://www.springframework.org/schema/cache 
        http://www.springframework.org/schema/cache/spring-cache-3.2.xsd
		http://www.springframework.org/schema/aop
		http://www.springframework.org/schema/aop/spring-aop-3.2.xsd"
	default-lazy-init="false">


	<!-- 启用缓存注解功能，这个是必须的，否则注解不会生效，另外，该注解一定要声明在spring主配置文件中才会生效 -->
	<cache:annotation-driven cache-manager="cacheManager" />


	<!-- spring自己的换管理器，这里定义了两个缓存位置名称 ，既注解中的value -->
	<bean id="cacheManager" class="org.springframework.cache.support.SimpleCacheManager">
		<property name="caches">
			<set>
				<bean
					class="org.springframework.cache.concurrent.ConcurrentMapCacheFactoryBean">
					<property name="name" value="9iucache" />
				</bean>
				
			</set>
		</property>
	</bean>


</beans>