<?xml version="1.0" encoding="UTF-8"?>
<beans xmlns="http://www.springframework.org/schema/beans"
	xmlns:xsi="http://www.w3.org/2001/XMLSchema-instance"
	xmlns:tx="http://www.springframework.org/schema/tx"
	xmlns:context="http://www.springframework.org/schema/context"
	xmlns:aop="http://www.springframework.org/schema/aop"
	xsi:schemaLocation="
		http://www.springframework.org/schema/beans 
		http://www.springframework.org/schema/beans/spring-beans-3.0.xsd 
		http://www.springframework.org/schema/tx 
		http://www.springframework.org/schema/tx/spring-tx-3.0.xsd 
		http://www.springframework.org/schema/context 
		http://www.springframework.org/schema/context/spring-context-3.0.xsd
		http://www.springframework.org/schema/aop
		http://www.springframework.org/schema/aop/spring-aop-3.0.xsd"
	default-lazy-init="false">

	<!-- 加载*.properties File -->
	<bean id="dbConfPostProcessor"
		class="org.springframework.beans.factory.config.PropertyPlaceholderConfigurer">
		<property name="locations">
			<list>
				<value>classpath:db.properties</value>
			</list>
		</property>
	</bean>

	<!-- Spring Bean 的工具类 -->
	
	<!--  
	<bean id="springUtils " class="org.iu9.frame.util.SpringUtils" />
	<context:component-scan base-package="org.iu9"    name-generator="org.iu9.frame.common.SpringAnnotationBeanNameGenerator" />  
	-->
	<context:component-scan base-package="org.iu9"  />
</beans>